source,source_id,slots,note
mealdb,53480,none,Creamy aji green sauce: a sauce
mealdb,53525,none,Aji de aguacate: a sauce
mealdb,53403,none,Pumpkin jam: a preserve
mealdb,53115,none,Red onion pickle: a condiment
mealdb,53312,none,Tangy cabbage slaw: a side
mealdb,53150,none,Padron peppers: a tapa side
mealdb,53417,none,Pa amb tomaquet: bread with tomato (side)
mealdb,53567,none,Dominican bakes: fried bread (side)
mealdb,53097,none,Yorkshire puddings: a side
mealdb,53504,none,Macaroni pudding: a dessert
mealdb,53145,none,Croquetas: frying oil counted in full
mealdb,53432,none,Cubano pork belly: the pork is missing from the ingredient list
mealdb,53065,none,Sushi: the fish is missing from the ingredient list
mealdb,53047,lunch,Moroccan carrot soup: a light lunch
mealdb,53309,lunch,Cucumber and fennel salad: a light lunch
mealdb,53297,lunch,Pomegranate salad: a light lunch
mealdb,53288,lunch,Algerian bell pepper salad: a light lunch
mealdb,53491,lunch,Shopska salad: a light lunch
mealdb,53107,lunch,Avocado dip with new potatoes: a light lunch
mealdb,53172,lunch,Patatas bravas: tapas
mealdb,53158,lunch,Air fryer patatas bravas: tapas
mealdb,53230,lunch,Broccoli tempura: a starter
